{
  "vaihingen": {
    "num_classes": 6,
    "in_channels": 3,
    "class_names": [
      "impervious_surface",
      "building",
      "low_vegetation",
      "tree",
      "car",
      "background"
    ],
    "class_weights": [
      0.021161669290388586,
      0.023508206295948263,
      0.03092921692975465,
      0.03005885067211788,
      0.49820696948511534,
      5.396135087326675
    ],
    "pixel_mean": [
      0.47752855831466395,
      0.3294181657755881,
      0.3241864364556062
    ],
    "pixel_std": [
      0.21407343931336106,
      0.15734096904438252,
      0.15052234814644172
    ],
    "tile_size": 512,
    "actual_train_tiles": 220,
    "actual_val_tiles": 38,
    "actual_test_tiles": 50,
    "filtered_tiles": 0,
    "class_distribution": {
      "impervious_surface": 0.29987027983379344,
      "building": 0.2699377938679962,
      "low_vegetation": 0.2051699510764729,
      "tree": 0.2111107594863516,
      "car": 0.0127362301918749,
      "background": 0.001174985543510939
    }
  },
  "potsdam": {
    "num_classes": 6,
    "in_channels": 3,
    "class_names": [
      "impervious_surface",
      "building",
      "low_vegetation",
      "tree",
      "car",
      "background"
    ],
    "class_weights": [
      0.21932381442476967,
      0.1324202096862952,
      0.22210088313870138,
      0.060327447105086855,
      5.339730133402701,
      0.026097512242446795
    ],
    "pixel_mean": [
      0.3643735309676096,
      0.3800881344665294,
      0.2516583596025386
    ],
    "pixel_std": [
      0.16476445552844854,
      0.16610325941235576,
      0.14458759482628944
    ],
    "tile_size": 512,
    "estimated_train_tiles": 20,
    "estimated_val_tiles": 5,
    "estimated_test_tiles": 5,
    "class_distribution": {
      "impervious_surface": 0.06359539031982422,
      "building": 0.10533123016357422,
      "low_vegetation": 0.06280021667480469,
      "tree": 0.23120460510253907,
      "car": 0.0026121139526367188,
      "background": 0.534456443786621
    },
    "actual_train_tiles": 20,
    "actual_val_tiles": 5,
    "actual_test_tiles": 5,
    "filtered_tiles": 0
  },
  "loveda": {
    "num_classes": 7,
    "in_channels": 3,
    "class_names": [
      "background",
      "building",
      "road",
      "water",
      "barren",
      "forest",
      "agriculture"
    ],
    "class_weights": [
      0.1612844577914424,
      1.626064587721025,
      1.210080416523714,
      2.38509642039047,
      1.0827604359414622,
      0.3300358585329135,
      0.20467782309897375
    ],
    "pixel_mean": [
      0.6516627083573436,
      0.6642793206607481,
      0.5525319559434744
    ],
    "pixel_std": [
      0.25798681734651024,
      0.16517408259711974,
      0.22813413729995138
    ],
    "tile_size": 512,
    "estimated_train_tiles": 20,
    "estimated_val_tiles": 5,
    "estimated_test_tiles": 5,
    "class_distribution": {
      "background": 0.36687431335449217,
      "building": 0.03638916015625,
      "road": 0.048898506164550784,
      "water": 0.024808692932128906,
      "barren": 0.054648399353027344,
      "forest": 0.17928695678710938,
      "agriculture": 0.2890939712524414
    },
    "actual_train_tiles": 20,
    "actual_val_tiles": 5,
    "actual_test_tiles": 5,
    "filtered_tiles": 0
  }
}